{"cameraMode":{"drawMode":0,"name":"Shaded","section":"Shading Mode"},"sceneLighting":true,"audioPlay":false,"sceneViewState":{"showFog":true,"showMaterialUpdate":false,"showSkybox":true,"showFlares":true,"showImageEffects":true,"showParticleSystems":true},"in2DMode":false,"pivot":{"x":-8.585149765014649,"y":5.962865829467773,"z":-7.243700981140137},"rotation":{"x":0.14795462787151338,"y":-0.001483490807004273,"z":0.00022193242330104113,"w":0.9889931082725525},"size":10.0,"orthographic":true}